[
  {
    "id": "2604f97d-a68d-4061-a586-ce87986a56a8",
    "data": [
      {
        "text": "my name is Hardik and i have completed BE and my emailid is hardik@lntinfotech.com",
        "userDefined": false
      }
    ],
    "isTemplate": false,
    "count": 0,
    "updated": 0
  },
  {
    "id": "b832738c-6ee4-402f-b1de-21f70cd5717f",
    "data": [
      {
        "text": "my name is Hardik and i have completed BE and my emailid is hardik@lntinfotech.com",
        "userDefined": false
      }
    ],
    "isTemplate": false,
    "count": 0,
    "updated": 0
  },
  {
    "id": "610919e7-532a-40d3-93c1-138288d5e3b6",
    "data": [
      {
        "text": "Bhavik",
        "alias": "given-name",
        "meta": "@name",
        "userDefined": false
      },
      {
        "text": ",",
        "userDefined": false
      },
      {
        "text": "B.E",
        "alias": "qualification",
        "meta": "@qualification",
        "userDefined": true
      },
      {
        "text": " and ",
        "userDefined": false
      },
      {
        "text": "bhavi123@gmail.com",
        "alias": "email",
        "meta": "@sys.email",
        "userDefined": true
      }
    ],
    "isTemplate": false,
    "count": 0
  },
  {
    "id": "8095d5f5-f52a-482d-9278-8b23703a7a07",
    "data": [
      {
        "text": "Bhavik",
        "alias": "given-name",
        "meta": "@name",
        "userDefined": false
      },
      {
        "text": " and ",
        "userDefined": false
      },
      {
        "text": "B.E",
        "alias": "qualification",
        "meta": "@qualification",
        "userDefined": true
      }
    ],
    "isTemplate": false,
    "count": 0
  },
  {
    "id": "fa639c3d-cbd6-457b-9852-ce53bb98b975",
    "data": [
      {
        "text": "HI its ",
        "userDefined": false
      },
      {
        "text": "Divyanshu",
        "alias": "given-name",
        "meta": "@name",
        "userDefined": false
      },
      {
        "text": " and have sucessfully completed ",
        "userDefined": false
      },
      {
        "text": "BE",
        "alias": "qualification",
        "meta": "@qualification",
        "userDefined": false
      },
      {
        "text": " in information technology. My email id is ",
        "userDefined": false
      },
      {
        "text": "bat2268@gmail.com",
        "alias": "email",
        "meta": "@sys.email",
        "userDefined": true
      }
    ],
    "isTemplate": false,
    "count": 0
  },
  {
    "id": "fa0c417e-ee63-4e29-8e58-edfd01e586ce",
    "data": [
      {
        "text": "Myself @name:given-name and completed @qualification:qualification and email id  is @sys.email:email",
        "userDefined": false
      }
    ],
    "isTemplate": true,
    "count": 0
  },
  {
    "id": "79380339-0230-4772-88eb-5d40d0b0a61d",
    "data": [
      {
        "text": "You could call me @name:given-name and I have successfully qualified @qualification:qualification . My email id is @sys.email:email",
        "userDefined": false
      }
    ],
    "isTemplate": true,
    "count": 0
  }
]