[
  {
    "id": "77f08daa-6627-405e-aacf-87e938892407",
    "data": [
      {
        "text": "my email address is ",
        "userDefined": false
      },
      {
        "text": "bat22@gmail.com",
        "alias": "email",
        "meta": "@sys.email",
        "userDefined": true
      }
    ],
    "isTemplate": false,
    "count": 0
  },
  {
    "id": "2c3ef013-8a95-40e5-8157-d2f1af4285f5",
    "data": [
      {
        "text": "@sys.email:email",
        "userDefined": false
      }
    ],
    "isTemplate": true,
    "count": 0
  }
]