[
  {
    "id": "143e8eb5-97dc-4fec-9dda-fd5c079db00a",
    "data": [
      {
        "text": "Bhavik",
        "alias": "given-name",
        "meta": "@name",
        "userDefined": false
      },
      {
        "text": ",",
        "userDefined": false
      },
      {
        "text": "B.E",
        "alias": "qualification",
        "meta": "@qualification",
        "userDefined": true
      }
    ],
    "isTemplate": false,
    "count": 0
  },
  {
    "id": "87e76d06-ee76-45e5-8fab-e3712e3d53e9",
    "data": [
      {
        "text": "Bhavik",
        "alias": "given-name",
        "meta": "@name",
        "userDefined": false
      },
      {
        "text": " and ",
        "userDefined": false
      },
      {
        "text": "B.E",
        "alias": "qualification",
        "meta": "@qualification",
        "userDefined": true
      }
    ],
    "isTemplate": false,
    "count": 0
  },
  {
    "id": "81d33bef-b412-48a1-9ac9-d7d524688170",
    "data": [
      {
        "text": "HI its ",
        "userDefined": false
      },
      {
        "text": "Divyanshu",
        "alias": "given-name",
        "meta": "@name",
        "userDefined": false
      },
      {
        "text": " and have sucessfully completed ",
        "userDefined": false
      },
      {
        "text": "BE",
        "alias": "qualification",
        "meta": "@qualification",
        "userDefined": false
      },
      {
        "text": " in information technology",
        "userDefined": false
      }
    ],
    "isTemplate": false,
    "count": 0
  },
  {
    "id": "a96e00ef-541b-4919-acee-705ad6ffe2ef",
    "data": [
      {
        "text": "Myself @name:given-name and completed @qualification:qualification",
        "userDefined": false
      }
    ],
    "isTemplate": true,
    "count": 0
  },
  {
    "id": "8008f6e5-6d02-4296-8cb5-953bb4fa97d8",
    "data": [
      {
        "text": "You could call me @name:given-name and I have successfully qualified @qualification:qualification",
        "userDefined": false
      }
    ],
    "isTemplate": true,
    "count": 0
  }
]