[
  {
    "id": "c73176a9-5089-408c-854f-40dd11569e8c",
    "data": [
      {
        "text": "HI its ",
        "userDefined": false
      },
      {
        "text": "Divyanshu",
        "alias": "given-name",
        "meta": "@name",
        "userDefined": false
      },
      {
        "text": " and have sucessfully completed ",
        "userDefined": false
      },
      {
        "text": "BE",
        "alias": "qualification",
        "meta": "@qualification",
        "userDefined": false
      },
      {
        "text": " in information technology",
        "userDefined": false
      }
    ],
    "isTemplate": false,
    "count": 0
  },
  {
    "id": "ea8cec08-7bbb-4815-a78f-06b68ecfa66c",
    "data": [
      {
        "text": "Myself @name:given-name and completed @qualification:qualification",
        "userDefined": false
      }
    ],
    "isTemplate": true,
    "count": 0
  },
  {
    "id": "c79beec2-f0f4-4a78-bd23-13c0431820f3",
    "data": [
      {
        "text": "You could call me @name:given-name and I have successfully qualified @qualification:qualification",
        "userDefined": false
      }
    ],
    "isTemplate": true,
    "count": 0
  }
]