[
  {
    "id": "8f4f78c3-3060-4efb-9bea-6bd558d17904",
    "data": [
      {
        "text": "Angular is a Front-End Web application framework",
        "userDefined": false
      }
    ],
    "isTemplate": false,
    "count": 0
  },
  {
    "id": "5ca2e0e8-4d83-4ce4-bd29-d8bd8d941621",
    "data": [
      {
        "text": " Front-End Web application framework",
        "userDefined": false
      }
    ],
    "isTemplate": false,
    "count": 0
  },
  {
    "id": "577c738e-2c17-4860-bf38-c160031779db",
    "data": [
      {
        "text": " Front-End Web framework",
        "userDefined": false
      }
    ],
    "isTemplate": false,
    "count": 0
  },
  {
    "id": "188a3a33-783c-406f-a9f4-eeadc42824ab",
    "data": [
      {
        "text": "MEAN stand for MongoDB, Express, Angular, NodeJS",
        "userDefined": false
      }
    ],
    "isTemplate": false,
    "count": 0
  },
  {
    "id": "3b77ab58-2a1b-44e1-b98f-6dc9b7374f5e",
    "data": [
      {
        "text": " MongoDB, Express, Angular, NodeJS",
        "userDefined": false
      }
    ],
    "isTemplate": false,
    "count": 0
  },
  {
    "id": "7325386b-b818-4755-b68a-d4b35a776b57",
    "data": [
      {
        "text": " MongoDB Express  Angular  NodeJS",
        "userDefined": false
      }
    ],
    "isTemplate": false,
    "count": 0
  },
  {
    "id": "0db2b725-c6dd-400e-874e-6ca75771e8af",
    "data": [
      {
        "text": "Node.js should not ",
        "userDefined": false
      },
      {
        "text": "be",
        "alias": "qualification",
        "meta": "@qualification",
        "userDefined": false
      },
      {
        "text": " used for CPU intensive applications",
        "userDefined": false
      }
    ],
    "isTemplate": false,
    "count": 0
  },
  {
    "id": "2a024adc-76e7-4461-9d6f-b150c3b51cbf",
    "data": [
      {
        "text": "should not ",
        "userDefined": false
      },
      {
        "text": "be",
        "alias": "qualification",
        "meta": "@qualification",
        "userDefined": false
      },
      {
        "text": " used for CPU intensive applications",
        "userDefined": false
      }
    ],
    "isTemplate": false,
    "count": 0
  },
  {
    "id": "da8dae20-7b03-4116-a9d1-538a0b823106",
    "data": [
      {
        "text": "Expressjs can build single page as well as multipage web applications",
        "userDefined": false
      }
    ],
    "isTemplate": false,
    "count": 0
  },
  {
    "id": "c21add3a-6095-409d-820f-4c2c636baa6b",
    "data": [
      {
        "text": "Single page as well as multi page app",
        "userDefined": false
      }
    ],
    "isTemplate": false,
    "count": 0
  },
  {
    "id": "ee9bd012-a669-4009-830b-ce2bcd52efc2",
    "data": [
      {
        "text": "single and multi page application",
        "userDefined": false
      }
    ],
    "isTemplate": false,
    "count": 0
  },
  {
    "id": "4c528a6b-b543-4ade-a929-0e61b15e51d8",
    "data": [
      {
        "text": "The core operations are Create, read, update and delete",
        "userDefined": false
      }
    ],
    "isTemplate": false,
    "count": 0
  },
  {
    "id": "74fc560e-b88b-4c83-9ab4-52de8617dc44",
    "data": [
      {
        "text": "Create,Read,Update,Delete",
        "userDefined": false
      }
    ],
    "isTemplate": false,
    "count": 0
  },
  {
    "id": "aff68884-c52f-49ca-ad82-d237898e7731",
    "data": [
      {
        "text": "Create read update and delete",
        "userDefined": false
      }
    ],
    "isTemplate": false,
    "count": 0
  },
  {
    "id": "9787708d-3e1f-428c-b863-1796d0db16b4",
    "data": [
      {
        "text": "Mongo Db is a noSql document oriented database",
        "userDefined": false
      }
    ],
    "isTemplate": false,
    "count": 0
  },
  {
    "id": "5617b73f-5dea-41b7-8702-de8366f385bb",
    "data": [
      {
        "text": "NoSql documented Database",
        "userDefined": false
      }
    ],
    "isTemplate": false,
    "count": 0
  },
  {
    "id": "c6280a5f-d110-4368-ae73-a10e0b19bc13",
    "data": [
      {
        "text": "NoSql database",
        "userDefined": false
      }
    ],
    "isTemplate": false,
    "count": 0
  },
  {
    "id": "fe4f8ca8-fa1e-4ecb-8f4c-094dd1dd0870",
    "data": [
      {
        "text": "controller is decision maker",
        "userDefined": false
      }
    ],
    "isTemplate": false,
    "count": 0
  },
  {
    "id": "768fc637-5a21-4543-850d-faa4b7f9886c",
    "data": [
      {
        "text": "controller act as decision maker",
        "userDefined": false
      }
    ],
    "isTemplate": false,
    "count": 0
  },
  {
    "id": "7cb055da-adb4-4d2f-812b-2f43ccf6663d",
    "data": [
      {
        "text": "It is the bussiness logic",
        "userDefined": false
      }
    ],
    "isTemplate": false,
    "count": 0
  },
  {
    "id": "fc62e158-8c94-47e1-b9b4-975198556503",
    "data": [
      {
        "text": "view represent user interface",
        "userDefined": false
      }
    ],
    "isTemplate": false,
    "count": 0
  },
  {
    "id": "b263ecc2-592d-4003-95d1-b3318f8d151c",
    "data": [
      {
        "text": "view is a user interface",
        "userDefined": false
      }
    ],
    "isTemplate": false,
    "count": 0
  },
  {
    "id": "1730c3f9-9d7c-4bca-91ec-54da8bab896c",
    "data": [
      {
        "text": "View represent front end",
        "userDefined": false
      }
    ],
    "isTemplate": false,
    "count": 0
  },
  {
    "id": "99b5526e-5e90-4e6a-8281-d0c2d70f7558",
    "data": [
      {
        "text": "it represent user interface",
        "userDefined": false
      }
    ],
    "isTemplate": false,
    "count": 0
  },
  {
    "id": "51c67ea4-d5f2-493c-9009-14d6c91c9fb2",
    "data": [
      {
        "text": "model represent data in mvc",
        "userDefined": false
      }
    ],
    "isTemplate": false,
    "count": 0
  },
  {
    "id": "7dc8bc81-03a7-40bb-ae08-82f4fa39f313",
    "data": [
      {
        "text": "model represent data",
        "userDefined": false
      }
    ],
    "isTemplate": false,
    "count": 0
  },
  {
    "id": "1fb2276e-cedf-4a6b-94fa-7fc355888b94",
    "data": [
      {
        "text": "It represent Data in mvc",
        "userDefined": false
      }
    ],
    "isTemplate": false,
    "count": 0
  },
  {
    "id": "b3e46a77-5386-458b-9fe6-2c8e102df28f",
    "data": [
      {
        "text": "model view controller",
        "userDefined": false
      }
    ],
    "isTemplate": false,
    "count": 0
  },
  {
    "id": "c2d84259-5ce6-402c-9dd4-1728e5d15499",
    "data": [
      {
        "text": "Its stands for model view controller",
        "userDefined": false
      }
    ],
    "isTemplate": false,
    "count": 0
  },
  {
    "id": "3c5f33b9-e37c-4f2c-bdf4-b195a1fcae51",
    "data": [
      {
        "text": "MVC stands fro model view controller",
        "userDefined": false
      }
    ],
    "isTemplate": false,
    "count": 0
  }
]