[
  {
    "id": "e9de2139-33a6-46d5-ab56-6c2eeccd661b",
    "data": [
      {
        "text": "Angular is a Front-End Web application framework",
        "userDefined": false
      }
    ],
    "isTemplate": false,
    "count": 0
  },
  {
    "id": "ae370949-5197-403a-b955-b5241c1b094e",
    "data": [
      {
        "text": " Front-End Web application framework",
        "userDefined": false
      }
    ],
    "isTemplate": false,
    "count": 0
  },
  {
    "id": "f7bd3fe9-306b-4d65-b457-5049c4514dfb",
    "data": [
      {
        "text": " Front-End Web framework",
        "userDefined": false
      }
    ],
    "isTemplate": false,
    "count": 0
  },
  {
    "id": "c3dd4dc8-9a5c-4e47-8d16-b5a500a1f5c9",
    "data": [
      {
        "text": "MEAN stand for MongoDB, Express, Angular, NodeJS",
        "userDefined": false
      }
    ],
    "isTemplate": false,
    "count": 0
  },
  {
    "id": "c75b9f7e-5333-45d9-a3ff-b74ff2e37f5f",
    "data": [
      {
        "text": " MongoDB, Express, Angular, NodeJS",
        "userDefined": false
      }
    ],
    "isTemplate": false,
    "count": 0
  },
  {
    "id": "bf9c09b6-cb8c-4f80-82b6-98894fe1271b",
    "data": [
      {
        "text": " MongoDB Express  Angular  NodeJS",
        "userDefined": false
      }
    ],
    "isTemplate": false,
    "count": 0
  },
  {
    "id": "913b1b4b-2248-40e6-87b1-a5a4fe57dffa",
    "data": [
      {
        "text": "Node.js should not ",
        "userDefined": false
      },
      {
        "text": "be",
        "meta": "@sys.ignore",
        "userDefined": false
      },
      {
        "text": " used for CPU intensive applications",
        "userDefined": false
      }
    ],
    "isTemplate": false,
    "count": 0
  },
  {
    "id": "98e619a2-937a-473f-bb32-f6e6dad4ab0e",
    "data": [
      {
        "text": "should not ",
        "userDefined": false
      },
      {
        "text": "be",
        "meta": "@sys.ignore",
        "userDefined": false
      },
      {
        "text": " used for CPU intensive applications",
        "userDefined": false
      }
    ],
    "isTemplate": false,
    "count": 0
  },
  {
    "id": "73dbbf8e-043a-4252-b16e-8e12ec1295b9",
    "data": [
      {
        "text": "Expressjs can build single page as well as multipage web applications",
        "userDefined": false
      }
    ],
    "isTemplate": false,
    "count": 0
  },
  {
    "id": "bc74a866-82b8-416e-8e0e-aa8e0e00bb75",
    "data": [
      {
        "text": "Single page as well as multi page app",
        "userDefined": false
      }
    ],
    "isTemplate": false,
    "count": 0
  },
  {
    "id": "b3dc0d7c-9b66-441e-bc6b-e640a198c14c",
    "data": [
      {
        "text": "single and multi page application",
        "userDefined": false
      }
    ],
    "isTemplate": false,
    "count": 0
  },
  {
    "id": "36a9cae1-5835-4211-8f41-d66eb236218b",
    "data": [
      {
        "text": "The core operations are Create, read, update and delete",
        "userDefined": false
      }
    ],
    "isTemplate": false,
    "count": 0
  },
  {
    "id": "44b4ab81-51de-4b51-85d1-a72556c5bd2e",
    "data": [
      {
        "text": "Create,Read,Update,Delete",
        "userDefined": false
      }
    ],
    "isTemplate": false,
    "count": 0
  },
  {
    "id": "0e088941-5a86-428b-8b9d-888bd402bd76",
    "data": [
      {
        "text": "Create read update and delete",
        "userDefined": false
      }
    ],
    "isTemplate": false,
    "count": 0
  },
  {
    "id": "a387dc16-7395-4e09-a11e-ef779153e6cd",
    "data": [
      {
        "text": "Mongo Db is a noSql document oriented database",
        "userDefined": false
      }
    ],
    "isTemplate": false,
    "count": 0
  },
  {
    "id": "d782c772-31bb-4522-bf4d-64bd06ddc641",
    "data": [
      {
        "text": "NoSql documented Database",
        "userDefined": false
      }
    ],
    "isTemplate": false,
    "count": 0
  },
  {
    "id": "5001fa06-cd4f-4156-af32-fd38baae2a3f",
    "data": [
      {
        "text": "NoSql database",
        "userDefined": false
      }
    ],
    "isTemplate": false,
    "count": 0
  },
  {
    "id": "ef602ece-eefb-419d-8889-7cac213c08bd",
    "data": [
      {
        "text": "controller is decision maker",
        "userDefined": false
      }
    ],
    "isTemplate": false,
    "count": 0
  },
  {
    "id": "01843259-f3cd-4cc8-b8da-19642148a2c4",
    "data": [
      {
        "text": "controller act as decision maker",
        "userDefined": false
      }
    ],
    "isTemplate": false,
    "count": 0
  },
  {
    "id": "a1c721aa-7a07-404a-8023-ab01ef748c08",
    "data": [
      {
        "text": "It is the bussiness logic",
        "userDefined": false
      }
    ],
    "isTemplate": false,
    "count": 0
  },
  {
    "id": "c527e662-1a56-4fcb-9de0-146968e543f9",
    "data": [
      {
        "text": "view represent user interface",
        "userDefined": false
      }
    ],
    "isTemplate": false,
    "count": 0
  },
  {
    "id": "2e953a16-3701-40a3-9e34-343122318a64",
    "data": [
      {
        "text": "view is a user interface",
        "userDefined": false
      }
    ],
    "isTemplate": false,
    "count": 0
  },
  {
    "id": "579cb2cd-88a6-410a-b02f-e07845f6ddb4",
    "data": [
      {
        "text": "View represent front end",
        "userDefined": false
      }
    ],
    "isTemplate": false,
    "count": 0
  },
  {
    "id": "0f1a32e2-806a-4ec8-af9a-0421cce40bf8",
    "data": [
      {
        "text": "it represent user interface",
        "userDefined": false
      }
    ],
    "isTemplate": false,
    "count": 0
  },
  {
    "id": "7c77c010-80dc-4759-95ff-6bf9708bf4ca",
    "data": [
      {
        "text": "model represent data in mvc",
        "userDefined": false
      }
    ],
    "isTemplate": false,
    "count": 0
  },
  {
    "id": "70bce71b-683b-4c66-bb73-313e74181c43",
    "data": [
      {
        "text": "model represent data",
        "userDefined": false
      }
    ],
    "isTemplate": false,
    "count": 0
  },
  {
    "id": "d039e977-575e-4b1f-a613-2eb7b110d38f",
    "data": [
      {
        "text": "It represent Data in mvc",
        "userDefined": false
      }
    ],
    "isTemplate": false,
    "count": 0
  },
  {
    "id": "6aad74ef-fd95-41dc-a2cc-f4c4ede5c22a",
    "data": [
      {
        "text": "model view controller",
        "userDefined": false
      }
    ],
    "isTemplate": false,
    "count": 0
  },
  {
    "id": "9f824caf-bb3a-4281-9a9f-6ba7010a8f7b",
    "data": [
      {
        "text": "Its stands for model view controller",
        "userDefined": false
      }
    ],
    "isTemplate": false,
    "count": 0
  },
  {
    "id": "8c0cbceb-825a-47b7-a1b6-10f33eccdc54",
    "data": [
      {
        "text": "MVC stands fro model view controller",
        "userDefined": false
      }
    ],
    "isTemplate": false,
    "count": 0
  }
]