[
  {
    "id": "a5417ff8-7bca-48f5-8c62-30116e4adaaf",
    "data": [
      {
        "text": "It is the bussiness logic",
        "userDefined": false
      }
    ],
    "isTemplate": false,
    "count": 0
  },
  {
    "id": "cdba9af2-b3db-42ab-be2a-9f49936b86dc",
    "data": [
      {
        "text": "controller act as decision maker",
        "userDefined": false
      }
    ],
    "isTemplate": false,
    "count": 0,
    "updated": 1511955603
  },
  {
    "id": "094f0eb8-5bb0-48a3-bf68-e624cf1d3530",
    "data": [
      {
        "text": "controller is decision maker",
        "userDefined": false
      }
    ],
    "isTemplate": false,
    "count": 0,
    "updated": 1511955603
  }
]