[
  {
    "id": "583b5355-e5a2-4ac8-ac21-843b3d58c093",
    "data": [
      {
        "text": "it represent user interface",
        "userDefined": false
      }
    ],
    "isTemplate": false,
    "count": 0
  },
  {
    "id": "06f69d1b-1fee-46a6-891f-1d2fbd4e705e",
    "data": [
      {
        "text": "View represent front end",
        "userDefined": false
      }
    ],
    "isTemplate": false,
    "count": 0
  },
  {
    "id": "411012ea-ffdd-40ab-8380-4c49d535e231",
    "data": [
      {
        "text": "view is a user interface",
        "userDefined": false
      }
    ],
    "isTemplate": false,
    "count": 0
  },
  {
    "id": "d3749e04-9a9f-47b2-9659-77b07f44abc7",
    "data": [
      {
        "text": "view represent user interface",
        "userDefined": false
      }
    ],
    "isTemplate": false,
    "count": 0
  }
]