[
  {
    "id": "8e8698d3-dc06-418d-8b9c-aa1116a3712d",
    "data": [
      {
        "text": "Create read update and delete",
        "userDefined": false
      }
    ],
    "isTemplate": false,
    "count": 0
  },
  {
    "id": "2b3e3c2a-f4cf-4f4d-9c17-b170a74b6cf9",
    "data": [
      {
        "text": "Create,Read,Update,Delete",
        "userDefined": false
      }
    ],
    "isTemplate": false,
    "count": 0
  },
  {
    "id": "d980c4ca-670c-4027-a5f7-6f64bbbc9e03",
    "data": [
      {
        "text": "The core operations are Create, read, update and delete",
        "userDefined": false
      }
    ],
    "isTemplate": false,
    "count": 0
  }
]