[
  {
    "id": "ff300022-3f41-40ed-b845-08989d08e108",
    "data": [
      {
        "text": "It represent Data in mvc",
        "userDefined": false
      }
    ],
    "isTemplate": false,
    "count": 0
  },
  {
    "id": "0a7e6dc5-b2b7-4f75-9bdd-fdfdf61c20e4",
    "data": [
      {
        "text": "model represent data",
        "userDefined": false
      }
    ],
    "isTemplate": false,
    "count": 0
  },
  {
    "id": "c5e9037b-6729-4de3-b94f-48e80e2f45ea",
    "data": [
      {
        "text": "model represent data in mvc",
        "userDefined": false
      }
    ],
    "isTemplate": false,
    "count": 0,
    "updated": 1511953956
  }
]