[
  {
    "id": "143ed713-5ab5-4416-8d75-4786b7eee4f4",
    "data": [
      {
        "text": "view represent user interface",
        "userDefined": false
      }
    ],
    "isTemplate": false,
    "count": 0
  },
  {
    "id": "3dcace9a-b2b4-4c85-b7de-2df7e9874131",
    "data": [
      {
        "text": "view is a user interface",
        "userDefined": false
      }
    ],
    "isTemplate": false,
    "count": 0
  },
  {
    "id": "233d63fb-fe24-4ae8-bade-15fec80dd6cb",
    "data": [
      {
        "text": "model represent data in mvc",
        "userDefined": false
      }
    ],
    "isTemplate": false,
    "count": 0
  },
  {
    "id": "a388e785-068d-491f-ab9c-d9c5f3055d9a",
    "data": [
      {
        "text": "model represent data",
        "userDefined": false
      }
    ],
    "isTemplate": false,
    "count": 0
  },
  {
    "id": "b7f528fb-4902-403f-8d42-f1026e63a7b2",
    "data": [
      {
        "text": "Mvc is model view controller",
        "userDefined": false
      }
    ],
    "isTemplate": false,
    "count": 0
  },
  {
    "id": "ddc2e7d5-b4e5-43ce-9d5e-66166d029c2e",
    "data": [
      {
        "text": "it stand for model view controller",
        "userDefined": false
      }
    ],
    "isTemplate": false,
    "count": 0
  },
  {
    "id": "7c2ab476-89db-4dc6-ba6b-572cad4db6a6",
    "data": [
      {
        "text": "model view controller",
        "userDefined": false
      }
    ],
    "isTemplate": false,
    "count": 0
  },
  {
    "id": "bc0a1539-05bd-40f6-8593-7d912a9a77bf",
    "data": [
      {
        "text": "controller act as decision maker",
        "userDefined": false
      }
    ],
    "isTemplate": false,
    "count": 0,
    "updated": 1511955603
  },
  {
    "id": "86a8e092-fc69-4e0a-965a-c64880ba57d3",
    "data": [
      {
        "text": "controller is decision maker",
        "userDefined": false
      }
    ],
    "isTemplate": false,
    "count": 0,
    "updated": 1511955603
  }
]