[
  {
    "id": "7a76962e-dac3-4e1f-944c-e54402f6e001",
    "data": [
      {
        "text": "controller is decision maker",
        "userDefined": false
      }
    ],
    "isTemplate": false,
    "count": 0
  },
  {
    "id": "dd1b5388-d836-4d8a-b944-b05a19981617",
    "data": [
      {
        "text": "controller act as decision maker",
        "userDefined": false
      }
    ],
    "isTemplate": false,
    "count": 0
  },
  {
    "id": "0f262201-0ce5-480d-bc9a-0efb95f0172d",
    "data": [
      {
        "text": "view represent user interface",
        "userDefined": false
      }
    ],
    "isTemplate": false,
    "count": 0
  },
  {
    "id": "db379341-a440-4d49-b1f5-857868fac4a9",
    "data": [
      {
        "text": "view is a user interface",
        "userDefined": false
      }
    ],
    "isTemplate": false,
    "count": 0
  },
  {
    "id": "4880ee4a-df17-45c2-a101-9d5db5370e80",
    "data": [
      {
        "text": "model represent data in mvc",
        "userDefined": false
      }
    ],
    "isTemplate": false,
    "count": 0
  },
  {
    "id": "87bbc96f-4008-4d61-8648-51197d369fa8",
    "data": [
      {
        "text": "model represent data",
        "userDefined": false
      }
    ],
    "isTemplate": false,
    "count": 0
  },
  {
    "id": "437ea81c-a1f8-48ae-a8de-6cabddf72c50",
    "data": [
      {
        "text": "Mvc is model view controller",
        "userDefined": false
      }
    ],
    "isTemplate": false,
    "count": 1
  },
  {
    "id": "7c83d1fd-3168-447f-ae2c-dd7f8286dfd5",
    "data": [
      {
        "text": "it stand for model view controller",
        "userDefined": false
      }
    ],
    "isTemplate": false,
    "count": 0
  },
  {
    "id": "1fa62462-8085-4ee5-bfbf-47529bbda9f0",
    "data": [
      {
        "text": "model view controller",
        "userDefined": false
      }
    ],
    "isTemplate": false,
    "count": 0
  }
]