[
  {
    "id": "b8d7dabf-cc09-4e54-b381-14a1163c39dd",
    "data": [
      {
        "text": "controller is decision maker",
        "userDefined": false
      }
    ],
    "isTemplate": false,
    "count": 0
  },
  {
    "id": "952a2852-daec-4a43-8f3a-d1dc02b42e92",
    "data": [
      {
        "text": "controller act as decision maker",
        "userDefined": false
      }
    ],
    "isTemplate": false,
    "count": 0
  },
  {
    "id": "0aee182a-e50f-406e-98ff-c4a31686548b",
    "data": [
      {
        "text": "view represent user interface",
        "userDefined": false
      }
    ],
    "isTemplate": false,
    "count": 0
  },
  {
    "id": "a245f89f-b477-4acb-abe7-5310a1672199",
    "data": [
      {
        "text": "view is a user interface",
        "userDefined": false
      }
    ],
    "isTemplate": false,
    "count": 0
  },
  {
    "id": "4f637e26-c381-4a83-a3e9-ef5e10910f43",
    "data": [
      {
        "text": "model represent data in mvc",
        "userDefined": false
      }
    ],
    "isTemplate": false,
    "count": 0
  },
  {
    "id": "8b29e70f-7692-48a6-a49f-67589c495a01",
    "data": [
      {
        "text": "model represent data",
        "userDefined": false
      }
    ],
    "isTemplate": false,
    "count": 0
  },
  {
    "id": "24e7d0f8-fe51-4c11-bab4-1589a8c819b5",
    "data": [
      {
        "text": "Mvc is model view controller",
        "userDefined": false
      }
    ],
    "isTemplate": false,
    "count": 1
  },
  {
    "id": "e6df8270-a821-44b0-83db-2245cfb0ce86",
    "data": [
      {
        "text": "it stand for model view controller",
        "userDefined": false
      }
    ],
    "isTemplate": false,
    "count": 0
  },
  {
    "id": "b2dc611a-d0c3-42b4-a1fc-6ec0436a01c9",
    "data": [
      {
        "text": "model view controller",
        "userDefined": false
      }
    ],
    "isTemplate": false,
    "count": 0
  }
]