[
  {
    "id": "e795fec4-7500-4330-be2a-369d8f5ccbd0",
    "data": [
      {
        "text": "model view controller",
        "userDefined": false
      }
    ],
    "isTemplate": false,
    "count": 0
  },
  {
    "id": "1467d88d-1a84-4fd0-8706-ab21ea919f83",
    "data": [
      {
        "text": "it stand for model view controller",
        "userDefined": false
      }
    ],
    "isTemplate": false,
    "count": 0
  },
  {
    "id": "06292d7d-d84e-4876-9ce8-af4c6084b8e7",
    "data": [
      {
        "text": "Mvc is model view controller",
        "userDefined": false
      }
    ],
    "isTemplate": false,
    "count": 0
  },
  {
    "id": "e1745bec-98c7-452c-875c-cf1d714f9e0c",
    "data": [
      {
        "text": "view is a user interface",
        "userDefined": false
      }
    ],
    "isTemplate": false,
    "count": 0
  },
  {
    "id": "2aa2034e-6526-44ed-a1a9-66f683b071e5",
    "data": [
      {
        "text": "view represent user interface",
        "userDefined": false
      }
    ],
    "isTemplate": false,
    "count": 0
  },
  {
    "id": "bc630837-38de-4148-80ed-9ba466c27133",
    "data": [
      {
        "text": "controller is decision maker",
        "userDefined": false
      }
    ],
    "isTemplate": false,
    "count": 0
  },
  {
    "id": "bd934754-03be-46d3-bd98-5094032074a5",
    "data": [
      {
        "text": "controller act as decision maker",
        "userDefined": false
      }
    ],
    "isTemplate": false,
    "count": 0
  },
  {
    "id": "3edb1844-abcb-4abe-b7da-173b232e5369",
    "data": [
      {
        "text": "model represent data",
        "userDefined": false
      }
    ],
    "isTemplate": false,
    "count": 0
  },
  {
    "id": "6a392d6e-9018-4773-ad97-7da3cec11ad7",
    "data": [
      {
        "text": "model represent data in mvc",
        "userDefined": false
      }
    ],
    "isTemplate": false,
    "count": 0,
    "updated": 1511953956
  }
]