[
  {
    "id": "a5ddecb8-a8d2-453b-a83d-bc64b29baecd",
    "data": [
      {
        "text": "model view controller",
        "userDefined": false
      }
    ],
    "isTemplate": false,
    "count": 0
  },
  {
    "id": "ae14ecb7-bbbe-4d62-a848-fc5d6e7fa266",
    "data": [
      {
        "text": "it stand for model view controller",
        "userDefined": false
      }
    ],
    "isTemplate": false,
    "count": 0
  },
  {
    "id": "e4028dec-948e-44fb-aea4-baffa98d65aa",
    "data": [
      {
        "text": "Mvc is model view controller",
        "userDefined": false
      }
    ],
    "isTemplate": false,
    "count": 0
  },
  {
    "id": "bfa05e9d-d306-4a13-81df-037b05886c75",
    "data": [
      {
        "text": "model represent data",
        "userDefined": false
      }
    ],
    "isTemplate": false,
    "count": 0
  },
  {
    "id": "90cba01b-d8b0-4896-8d6d-09708d2e2cd2",
    "data": [
      {
        "text": "model represent data in mvc",
        "userDefined": false
      }
    ],
    "isTemplate": false,
    "count": 0
  },
  {
    "id": "d644c48f-c962-4a5b-bd25-53d49c92bb41",
    "data": [
      {
        "text": "controller is decision maker",
        "userDefined": false
      }
    ],
    "isTemplate": false,
    "count": 0
  },
  {
    "id": "1f52a1df-03fe-422d-8fb0-e8f09a6762e0",
    "data": [
      {
        "text": "controller act as decision maker",
        "userDefined": false
      }
    ],
    "isTemplate": false,
    "count": 0
  },
  {
    "id": "c41fbd65-5736-4142-90e5-feeaf5eae6f0",
    "data": [
      {
        "text": "view is a user interface",
        "userDefined": false
      }
    ],
    "isTemplate": false,
    "count": 0
  },
  {
    "id": "442483c8-8759-40b6-a121-f638ae461576",
    "data": [
      {
        "text": "view represent user interface",
        "userDefined": false
      }
    ],
    "isTemplate": false,
    "count": 0
  }
]