[
  {
    "id": "9b08dc2d-273e-4c6e-8239-2f66a8d61920",
    "data": [
      {
        "text": " Front-End Web framework",
        "userDefined": false
      }
    ],
    "isTemplate": false,
    "count": 0
  },
  {
    "id": "203238f5-b16e-483b-a2cc-13b1a2b7a312",
    "data": [
      {
        "text": " Front-End Web application framework",
        "userDefined": false
      }
    ],
    "isTemplate": false,
    "count": 0
  },
  {
    "id": "67fdafbe-2462-4ff6-8232-e3d4e846a2bb",
    "data": [
      {
        "text": "Angular is a Front-End Web application framework",
        "userDefined": false
      }
    ],
    "isTemplate": false,
    "count": 0
  }
]