[
  {
    "id": "51ceac86-706d-407b-a5c5-f13c6d06c63d",
    "data": [
      {
        "text": "should not ",
        "userDefined": false
      },
      {
        "text": "be",
        "alias": "qualification",
        "meta": "@qualification",
        "userDefined": false
      },
      {
        "text": " used for CPU intensive applications",
        "userDefined": false
      }
    ],
    "isTemplate": false,
    "count": 0
  },
  {
    "id": "136659c8-0b80-4dfe-909c-d32f3f144d91",
    "data": [
      {
        "text": "Node.js should not ",
        "userDefined": false
      },
      {
        "text": "be",
        "alias": "qualification",
        "meta": "@qualification",
        "userDefined": false
      },
      {
        "text": " used for CPU intensive applications",
        "userDefined": false
      }
    ],
    "isTemplate": false,
    "count": 0
  }
]