[
  {
    "id": "d576b7c2-7575-4775-835a-99a3a8377f09",
    "data": [
      {
        "text": " MongoDB Express  Angular  NodeJS",
        "userDefined": false
      }
    ],
    "isTemplate": false,
    "count": 0
  },
  {
    "id": "e751b107-155a-4641-b5cb-724a9f1aa009",
    "data": [
      {
        "text": " MongoDB, Express, Angular, NodeJS",
        "userDefined": false
      }
    ],
    "isTemplate": false,
    "count": 0
  },
  {
    "id": "2f28aaf2-1a61-4b9d-8384-ac1e9b7f6166",
    "data": [
      {
        "text": "MEAN stand for MongoDB, Express, Angular, NodeJS",
        "userDefined": false
      }
    ],
    "isTemplate": false,
    "count": 0
  }
]