[
  {
    "id": "be1c8e9b-2bd8-48af-9358-2fdf2297d978",
    "data": [
      {
        "text": "single and multi page application",
        "userDefined": false
      }
    ],
    "isTemplate": false,
    "count": 0
  },
  {
    "id": "ae064469-676b-48c9-a968-b82dd09904ec",
    "data": [
      {
        "text": "Single page as well as multi ",
        "userDefined": false
      },
      {
        "text": "page",
        "alias": "given-name",
        "meta": "@sys.given-name",
        "userDefined": false
      }
    ],
    "isTemplate": false,
    "count": 0
  },
  {
    "id": "86e8f83b-ae4d-482e-a1ed-4c9287a3d45c",
    "data": [
      {
        "text": "Expressjs can build single page as well as multipage web applications",
        "userDefined": false
      }
    ],
    "isTemplate": false,
    "count": 0
  }
]