[
  {
    "id": "b29e1727-d0fa-4e8e-9759-c5cd326829f8",
    "data": [
      {
        "text": "NoSql database",
        "userDefined": false
      }
    ],
    "isTemplate": false,
    "count": 0
  },
  {
    "id": "be02cca9-5a5c-431f-afe0-90f0d531ee0b",
    "data": [
      {
        "text": "NoSql documented Database",
        "userDefined": false
      }
    ],
    "isTemplate": false,
    "count": 0
  },
  {
    "id": "c2507d5d-1962-405d-b0fc-424c7e3b1f20",
    "data": [
      {
        "text": "Mongo Db is a noSql document oriented database",
        "userDefined": false
      }
    ],
    "isTemplate": false,
    "count": 0
  }
]