[
  {
    "id": "f9c982c2-fd52-4bd0-83dc-8b9a3f96f382",
    "data": [
      {
        "text": "MVC stands fro model view controller",
        "userDefined": false
      }
    ],
    "isTemplate": false,
    "count": 0
  },
  {
    "id": "2473bd88-3ca1-4bd9-9dc7-0a69c377cd73",
    "data": [
      {
        "text": "Its stands for model view controller",
        "userDefined": false
      }
    ],
    "isTemplate": false,
    "count": 0
  },
  {
    "id": "44a968cf-9960-4854-afb1-4f6ab920aba6",
    "data": [
      {
        "text": "model view controller",
        "userDefined": false
      }
    ],
    "isTemplate": false,
    "count": 0
  }
]