[
  {
    "id": "236fa9ea-0218-4d5a-8406-fb0a65382817",
    "data": [
      {
        "text": "hello",
        "userDefined": false
      }
    ],
    "isTemplate": false,
    "count": 0,
    "updated": 0
  },
  {
    "id": "c38c0efe-cf08-44f3-b434-e82558f2c5f6",
    "data": [
      {
        "text": "Good evening Maam",
        "userDefined": false
      }
    ],
    "isTemplate": false,
    "count": 0,
    "updated": 0
  },
  {
    "id": "0edb18fd-3bbf-4505-b843-ff03aedd4f2c",
    "data": [
      {
        "text": "Good Evening ma\u0027am",
        "userDefined": false
      }
    ],
    "isTemplate": false,
    "count": 0
  },
  {
    "id": "4ff4d999-4d27-49a5-93d3-7a05b6ca6e48",
    "data": [
      {
        "text": "Good Afternoon ma\u0027am",
        "userDefined": false
      }
    ],
    "isTemplate": false,
    "count": 0
  },
  {
    "id": "e8b1659a-c8c3-4275-99f2-ed2dfa6ebc3f",
    "data": [
      {
        "text": "Good morning ma\u0027am",
        "userDefined": false
      }
    ],
    "isTemplate": false,
    "count": 0
  },
  {
    "id": "804f7075-e6df-407f-9993-db41a1491138",
    "data": [
      {
        "text": "hello ma\u0027am",
        "userDefined": false
      }
    ],
    "isTemplate": false,
    "count": 0
  },
  {
    "id": "10f36e84-fe1a-4f36-861a-c35bda26de85",
    "data": [
      {
        "text": "Hello Sir",
        "userDefined": false
      }
    ],
    "isTemplate": false,
    "count": 0
  },
  {
    "id": "f1219ab6-7328-4b02-8804-3ef7ef56fccb",
    "data": [
      {
        "text": "Good Evening Sir",
        "userDefined": false
      }
    ],
    "isTemplate": false,
    "count": 0
  },
  {
    "id": "a800c099-30ae-4414-8fe1-3ec2921e90af",
    "data": [
      {
        "text": "Good Afternoon Sir",
        "userDefined": false
      }
    ],
    "isTemplate": false,
    "count": 0
  },
  {
    "id": "fde3d3a7-c230-442a-be93-dcc2d91f2b46",
    "data": [
      {
        "text": "Good morning Sir",
        "userDefined": false
      }
    ],
    "isTemplate": false,
    "count": 0
  }
]