[
  {
    "id": "f23def9c-c649-47cf-b840-c8162605d93f",
    "data": [
      {
        "text": "hello",
        "userDefined": false
      }
    ],
    "isTemplate": false,
    "count": 0,
    "updated": 0
  },
  {
    "id": "a8cb9f3a-0ab2-45d3-b362-eb26eb60b2dd",
    "data": [
      {
        "text": "Good evening Maam",
        "userDefined": false
      }
    ],
    "isTemplate": false,
    "count": 0,
    "updated": 0
  },
  {
    "id": "12181e96-82b9-49ee-91a6-73809e001295",
    "data": [
      {
        "text": "Good Evening ma\u0027am",
        "userDefined": false
      }
    ],
    "isTemplate": false,
    "count": 0
  },
  {
    "id": "85ded026-0d68-4bd3-843e-2096160d7055",
    "data": [
      {
        "text": "Good Afternoon ma\u0027am",
        "userDefined": false
      }
    ],
    "isTemplate": false,
    "count": 0
  },
  {
    "id": "b875b580-ee9a-4dc3-8ce6-1d17bbce1db3",
    "data": [
      {
        "text": "Good morning ma\u0027am",
        "userDefined": false
      }
    ],
    "isTemplate": false,
    "count": 0
  },
  {
    "id": "574bd159-8bb0-446d-a79d-40ee1e8c7626",
    "data": [
      {
        "text": "hello ma\u0027am",
        "userDefined": false
      }
    ],
    "isTemplate": false,
    "count": 0
  },
  {
    "id": "1b594f85-bed3-4a6e-8fb4-43c0b758e29f",
    "data": [
      {
        "text": "Hello Sir",
        "userDefined": false
      }
    ],
    "isTemplate": false,
    "count": 0
  },
  {
    "id": "93a4907c-1f8c-4a55-a7f0-bdd2a4650de1",
    "data": [
      {
        "text": "Good Evening Sir",
        "userDefined": false
      }
    ],
    "isTemplate": false,
    "count": 0
  },
  {
    "id": "fd452897-ed06-4c4b-aef4-06ee0cfc3465",
    "data": [
      {
        "text": "Good Afternoon Sir",
        "userDefined": false
      }
    ],
    "isTemplate": false,
    "count": 0
  },
  {
    "id": "5513c12e-4ebb-4c63-a49f-59873a716215",
    "data": [
      {
        "text": "Good morning Sir",
        "userDefined": false
      }
    ],
    "isTemplate": false,
    "count": 0
  }
]