[
  {
    "id": "c40a5de8-0ec4-4876-8a48-117469c49d15",
    "data": [
      {
        "text": "hello",
        "userDefined": false
      }
    ],
    "isTemplate": false,
    "count": 0,
    "updated": 0
  },
  {
    "id": "eb3666ca-08bc-4646-ae1d-a3764a264f0f",
    "data": [
      {
        "text": "Good evening Maam",
        "userDefined": false
      }
    ],
    "isTemplate": false,
    "count": 0,
    "updated": 0
  },
  {
    "id": "2d07abb3-8856-4b76-bd54-dcbe4d43b247",
    "data": [
      {
        "text": "Good Evening ma\u0027am",
        "userDefined": false
      }
    ],
    "isTemplate": false,
    "count": 0
  },
  {
    "id": "3f2a2082-c474-427c-a804-9e585fc9469a",
    "data": [
      {
        "text": "Good Afternoon ma\u0027am",
        "userDefined": false
      }
    ],
    "isTemplate": false,
    "count": 0
  },
  {
    "id": "35a3f18b-6b4e-4c64-bec5-abb681b3ad9e",
    "data": [
      {
        "text": "Good morning ma\u0027am",
        "userDefined": false
      }
    ],
    "isTemplate": false,
    "count": 0
  },
  {
    "id": "f5942b96-70b8-4b7b-bddd-c7473fc700bd",
    "data": [
      {
        "text": "hello ma\u0027am",
        "userDefined": false
      }
    ],
    "isTemplate": false,
    "count": 0
  },
  {
    "id": "fb19a389-0d70-429b-9281-a9a0a7223c9a",
    "data": [
      {
        "text": "Hello Sir",
        "userDefined": false
      }
    ],
    "isTemplate": false,
    "count": 0
  },
  {
    "id": "7c29a9e0-e6ec-4b49-a1ff-0757e23a88c8",
    "data": [
      {
        "text": "Good Evening Sir",
        "userDefined": false
      }
    ],
    "isTemplate": false,
    "count": 0
  },
  {
    "id": "e006db12-5f5f-415f-90ef-5a8321343696",
    "data": [
      {
        "text": "Good Afternoon Sir",
        "userDefined": false
      }
    ],
    "isTemplate": false,
    "count": 0
  },
  {
    "id": "49bcbadc-37e9-4896-a195-fa5a3d74a8ef",
    "data": [
      {
        "text": "Good morning Sir",
        "userDefined": false
      }
    ],
    "isTemplate": false,
    "count": 0
  }
]