[
  {
    "value": "Divyanshu",
    "synonyms": [
      "Divyanshu",
      "divyanshu"
    ]
  },
  {
    "value": "sahil",
    "synonyms": [
      "sahil",
      "Sahil"
    ]
  },
  {
    "value": "harsh",
    "synonyms": [
      "harsh",
      "Harsh"
    ]
  },
  {
    "value": "Bhavik",
    "synonyms": [
      "Bhavik",
      "bhavik"
    ]
  },
  {
    "value": "Shashank",
    "synonyms": [
      "Shashank",
      "shashank"
    ]
  },
  {
    "value": "Padmil",
    "synonyms": [
      "Padmil",
      "padmil"
    ]
  },
  {
    "value": "Sabir",
    "synonyms": [
      "Sabir",
      "sabir"
    ]
  },
  {
    "value": "Rajvi",
    "synonyms": [
      "Rajvi",
      "rajvi"
    ]
  },
  {
    "value": "Saloni",
    "synonyms": [
      "Saloni",
      "saloni"
    ]
  },
  {
    "value": "Dvij",
    "synonyms": [
      "Dvij",
      "dvij"
    ]
  },
  {
    "value": "Kaushal",
    "synonyms": [
      "Kaushal",
      "kaushal"
    ]
  },
  {
    "value": "Hardik",
    "synonyms": [
      "Hardik",
      "hardik"
    ]
  }
]