[
  {
    "value": "BE",
    "synonyms": [
      "BE",
      "bachelor of engineering"
    ]
  },
  {
    "value": "B-Tech",
    "synonyms": [
      "B-Tech",
      "bachelor of technology",
      "btech"
    ]
  },
  {
    "value": "BSC",
    "synonyms": [
      "BSC",
      "bsc"
    ]
  },
  {
    "value": "BSCIT",
    "synonyms": [
      "BSCIT",
      "bscit"
    ]
  },
  {
    "value": "ME",
    "synonyms": [
      "ME",
      "masters in engineering"
    ]
  },
  {
    "value": "M-Tech",
    "synonyms": [
      "M-Tech",
      "masters in technology",
      "mtech"
    ]
  },
  {
    "value": "MSC",
    "synonyms": [
      "MSC",
      "msc"
    ]
  },
  {
    "value": "MSCIT",
    "synonyms": [
      "MSCIT",
      "mscit"
    ]
  },
  {
    "value": "BCA",
    "synonyms": [
      "BCA",
      "Bachelor in computer application",
      "bca"
    ]
  },
  {
    "value": "MCA",
    "synonyms": [
      "MCA",
      "Masters in computer application",
      "mcs"
    ]
  }
]