[
  {
    "value": "B.E.",
    "synonyms": [
      "bachelor of engineering",
      "BE"
    ]
  },
  {
    "value": "B-Tech",
    "synonyms": [
      "B-Tech",
      "bachelor of technology",
      "btech"
    ]
  },
  {
    "value": "B.S.C.",
    "synonyms": [
      "BSC",
      "bsc"
    ]
  },
  {
    "value": "B.S.C.I.T.",
    "synonyms": [
      "BSCIT",
      "bscit"
    ]
  },
  {
    "value": "M.E.",
    "synonyms": [
      "ME",
      "masters in engineering"
    ]
  },
  {
    "value": "M-Tech",
    "synonyms": [
      "M-Tech",
      "masters in technology",
      "mtech"
    ]
  },
  {
    "value": "M.S.C.",
    "synonyms": [
      "MSC",
      "msc"
    ]
  },
  {
    "value": "M.S.C.I.T.",
    "synonyms": [
      "MSCIT",
      "mscit"
    ]
  },
  {
    "value": "B.C.A.",
    "synonyms": [
      "BCA",
      "Bachelor in computer application",
      "bca"
    ]
  },
  {
    "value": "M.CA.",
    "synonyms": [
      "MCA",
      "Masters in computer application",
      "mcs"
    ]
  },
  {
    "value": "ART",
    "synonyms": [
      "ART"
    ]
  },
  {
    "value": "Commerce",
    "synonyms": [
      "Commerce"
    ]
  },
  {
    "value": "C.A.",
    "synonyms": [
      "CA"
    ]
  },
  {
    "value": "Science",
    "synonyms": [
      "Science"
    ]
  }
]