[
  {
    "value": "BE",
    "synonyms": [
      "BE",
      "bachelor of engineering"
    ]
  },
  {
    "value": "B-Tech",
    "synonyms": [
      "B-Tech",
      "bachelor of technology"
    ]
  },
  {
    "value": "BSCE",
    "synonyms": [
      "BSCE"
    ]
  },
  {
    "value": "BSCIT",
    "synonyms": [
      "BSCIT"
    ]
  },
  {
    "value": "ME",
    "synonyms": [
      "ME",
      "masters in engineering"
    ]
  },
  {
    "value": "M-Tech",
    "synonyms": [
      "M-Tech",
      "masters in technology"
    ]
  },
  {
    "value": "MSC",
    "synonyms": [
      "MSC"
    ]
  },
  {
    "value": "MSCIT",
    "synonyms": [
      "MSCIT"
    ]
  },
  {
    "value": "BCA",
    "synonyms": [
      "BCA",
      "Bachelor in computer application"
    ]
  },
  {
    "value": "MCA",
    "synonyms": [
      "MCA",
      "Masters in computer application"
    ]
  }
]